driverId,avg_pit_stop_time
1,1.0861335E7
826,1.0912527E7
