driverId,avg_pit_stop_time
510,1.315866E7
449,1.298411E7
