driverId,avg_pit_stop_time
528,1.409907E7
537,1.427065E7
