driverId,avg_pit_stop_time
518,1.349912E7
557,1.374906E7
