driverId,avg_pit_stop_time
674,1.418451E7
659,1.405844E7
